TDSFU Daily run: Mon Oct 27 16:30:51 UTC 2025 TDSFU
TDSFU Daily run: Tue Oct 28 04:45:24 UTC 2025 TDSFU
TDSFU Daily run: Wed Oct 29 04:50:07 UTC 2025 TDSFU
TDSFU Daily run: Thu Oct 30 04:44:22 UTC 2025 TDSFU
TDSFU Daily run: Fri Oct 31 04:58:07 UTC 2025 TDSFU
TDSFU Daily run: Sat Nov  1 04:40:15 UTC 2025 TDSFU
TDSFU Daily run: Sun Nov  2 04:44:10 UTC 2025 TDSFU
TDSFU Daily run: Mon Nov  3 04:51:25 UTC 2025 TDSFU
TDSFU Daily run: Tue Nov  4 04:45:33 UTC 2025 TDSFU
TDSFU Daily run: Wed Nov  5 04:46:27 UTC 2025 TDSFU
TDSFU Daily run: Thu Nov  6 04:40:45 UTC 2025 TDSFU
